id_firmy;nazwa_firmy;nasza_firma
ABAKS;Abaks;NIE
AIR-NET;Air-Net;NIE
BUDIMPEX;budimpex;NIE
CHOPIN;Chopin Telewizja Kablowa;TAK
CITYLINK;Citylink;NIE
ELTRONIK;ELTRONIK;TAK
GECKONET;GECKONET;NIE
GORZOWSKA_TELEWIZJA_PRZEWODOWA;Gorzowska Telewizja Przewodowa;NIE
HISPEED;HiSpeed;NIE
INEA;INEA;NIE
INTELLY;Intelly;NIE
IVENDO;IVENDO;NIE
IWKD;IWKD;NIE
JIM-SAT;JIM-SAT;TAK
JMDI;JMDI;NIE
JPK;JPK;NIE
LIMES;LIMES;NIE
LOONAR;Loonar;NIE
MATCOM;MATCOM;NIE
MBIT;mBit;NIE
MC1_KWIDZYN;Multimedia Kwidzyn;TAK
MC1_LOWICZ;Multimedia Łowicz;TAK
MC1_OLSZTYN;Multimedia Capital One (Olsztyn);TAK
MC1_OSTRODA;Multimedia Ostróda;TAK
MC1_STARGARD;Multimedia Stargard;TAK
MC2;Multimedia Capital Two;TAK
MPCNET;mpcnet;NIE
NETIA;Netia;NIE
NEXERA;NEXERA;NIE
NORTIS;nortis;NIE
ORANGE;Orange;NIE
PELMAR;Pelmar;TAK
PLASTCOM;plastCOM;NIE
PLAY;Play;NIE
PLUS;Plus;NIE
POLSKI_SWIATLOWOD_OTWARTY;Polski Światłowód Otwarty;NIE
PRO_INTERNET;Pro Internet;NIE
PROVECTOR;Provector;NIE
RFC;RFC;NIE
SINUSNET;Sinusnet;NIE
STARLINK;Starlink;NIE
SWIATLOWOD_INWESTYCJE;Światłowód Inwestycje;NIE
TELKAB;TELKAB;NIE
TIMPLUS;timplus;NIE
T-MOBILE;T-Mobile;NIE
TRIPLEMEDIA;TRIPLEMEDIA;NIE
TSUNAMI;Tsunami;NIE
TYGRYS;Tygrys.net;NIE
VECTRA;Vectra;NIE
VLMEDIA;VLMedia;NIE
VOLTA;Volta;NIE
WAVE;Wave;NIE
TOOWAY;TOOWAY;NIE
TOOWAY;TOOWAY;NIE
TOOWAY;TOOWAY;NIE
RASTER_ISP;RASTER_ISP;NIE
AIRMAX;AIRMAX;NIE
CFC;CFC;NIE
E-CHO;E-CHO;NIE
KORMORAN-NET;KORMORAN-NET;NIE
NJU_MOBILE;NJU_MOBILE;NIE
MSI;MSI;NIE
